[{"model": "community.movie", "pk": 1, "fields": {"tmdb_id": 912649, "title": "베놈: 라스트 댄스", "original_title": "Venom: The Last Dance", "poster_path": "/3flIDcZF3tnR7m5OU2h7lLPQwmr.jpg", "overview": "환상의 케미스트리의 에디 브록과 그의 심비오트 베놈은 그들을 노리는 정체불명 존재의 추격을 피해 같이 도망을 다니게 된다. 한편 베놈의 창조자 널은 고향 행성에서부터 그들을 찾아내기 위해 지구를 침략하고 에디와 베놈은 그동안 겪어보지 못한 최악의 위기를 맞이하게 되는데…", "release_date": "2024-10-22", "popularity": 3073.235, "youtube_url": "https://www.youtube.com/watch?v=soCtsN0JYUg"}}, {"model": "community.movie", "pk": 2, "fields": {"tmdb_id": 76600, "title": "아바타: 물의 길", "original_title": "", "poster_path": "/z56bVX93oRG6uDeMACR7cXCnAbh.jpg", "overview": "판도라 행성에서 제이크 설리와 네이티리가 이룬 가족이 겪게 되는 무자비한 위협과 살아남기 위해 떠나야 하는 긴 여정과 전투, 그리고 견뎌내야 할 상처에 대한 이야기를 그렸다. 살아남기 위해 설리 가족이 숲에서 바다로 터전을 옮기면서 겪게 되는 화합의 과정, 그리고 곳곳에서 도사리는 새로운 위협까지 역경 속에서 더 아름답게 펼쳐진다.", "release_date": "2022-12-14", "popularity": 186.53, "youtube_url": null}}, {"model": "community.movie", "pk": 3, "fields": {"tmdb_id": 1100782, "title": "스마일 2", "original_title": "Smile 2", "poster_path": "/4nQk1OgbtdnKYMEQiOwwMB4yGxn.jpg", "overview": "월드투어를 앞두고 자신의 눈 앞에서 기괴한 미소와 함께 끔찍한 죽음을 맞은 친구를 목격한 팝스타 ‘스카이’. 그 날 이후 공연 리허설과 팬 미팅 행사 등 그녀의 삶 곳곳에서 끔찍한 일들이 잇따라 발생한다. 화려한 스타의 삶을 뒤덮은 공포에서 벗어나기 위해 몸부림치던 ‘스카이’는 자신이 죽어야만 전염처럼 번지는 저주가 끝난다는 사실을 듣게 되는데…", "release_date": "2024-10-16", "popularity": 2261.273, "youtube_url": "https://www.youtube.com/watch?v=6m0UuFQoRCs"}}, {"model": "community.movie", "pk": 4, "fields": {"tmdb_id": 1184918, "title": "와일드 로봇", "original_title": "The Wild Robot", "poster_path": "/8dkuf9IuVh0VZjDTk7kAY67lU0U.jpg", "overview": "우연한 사고로 거대한 야생에 불시착한 로봇 로즈는 주변 동물들의 행동을 배우며 낯선 환경 속에 적응해 가던 중, 사고로 세상에 홀로 남겨진 아기 기러기 브라이트빌의 보호자가 된다. 로즈는 입력되어 있지 않은 새로운 역할과 관계에 낯선 감정을 마주하고 겨울이 오기 전에 남쪽으로 떠나야 하는 브라이트빌을 위해 동물들의 도움을 받아 이주를 위한 생존 기술을 가르쳐준다. 그러나 선천적으로 몸집이 작은 브라이트빌은 짧은 비행도 힘겨워 하는데...", "release_date": "2024-09-12", "popularity": 2014.165, "youtube_url": "https://www.youtube.com/watch?v=GJ7mqjuWQxA"}}, {"model": "community.movie", "pk": 5, "fields": {"tmdb_id": 558449, "title": "글래디에이터 II", "original_title": "Gladiator II", "poster_path": "/b5UXjzW5cLZhprMnlAmsVAA3G4t.jpg", "overview": "로마의 영웅이자 최고의 검투사였던 막시무스가 콜로세움에서 죽음을 맞이한 뒤 20여 년이 흐른 후. 쌍둥이 황제 게타와 카라칼라의 폭압 아래 시민을 위한 자유로운 나라 로마의 꿈은 잊힌 지 오래다. 한편 아카시우스 장군이 이끄는 로마군에 대패한 후 모든 것을 잃고 노예로 전락한 루시우스는 강한 권력욕을 지닌 마크리누스의 눈에 띄어 검투사로 발탁된다. 로마를 향한 걷잡을 수 없는 분노, 타고난 투사의 기질로 콜로세움에 입성하게 된 루시우스는 결투를 거듭하며 자신이 진짜 누구인지 알게 되고 마침내 로마의 운명을 건 결전을 준비하게 되는데...!", "release_date": "2024-11-13", "popularity": 1755.715, "youtube_url": "https://www.youtube.com/watch?v=eCO6NOFLXYY"}}, {"model": "community.movie", "pk": 6, "fields": {"tmdb_id": 1034541, "title": "테리파이어 3", "original_title": "Terrifier 3", "poster_path": "/chvYRyJI1fnBdf9Gt6RerJNEAav.jpg", "overview": "\"아트 더 클라운\"이 크리스마스 이브에 평화롭게 잠든 \"마일스 카운티\"의 주민들을 향해 혼돈을 일으키려 한다", "release_date": "2024-10-09", "popularity": 1511.13, "youtube_url": null}}, {"model": "community.movie", "pk": 7, "fields": {"tmdb_id": 1118031, "title": "아포칼립스 Z: 종말의 시작", "original_title": "Apocalipsis Z: el principio del fin", "poster_path": "/hofZ9t2zQEYjQWNZ8cPjMByVHci.jpg", "overview": "광견병과 유사한 질병이 지구 전역에 퍼져 사람들이 공격적인 생명체로 변한다. 마넬은 고양이와 함께 집에 숨어서 재치를 발휘해 살아남는다. 곧 둘은 식량을 구하고 육지와 바다의 안전한 곳을 찾기 위해 떠나야 한다.", "release_date": "2024-10-04", "popularity": 1470.601, "youtube_url": null}}, {"model": "community.movie", "pk": 8, "fields": {"tmdb_id": 402431, "title": "위키드", "original_title": "Wicked", "poster_path": "/4FKnORrMQZtvk96YM4zdJLDwC9E.jpg", "overview": "자신의 진정한 힘을 아직 발견하지 못한 엘파바와 자신의 진정한 본성을 발견하지 못한 글린다, 전혀 다른 두 인물이 우정을 쌓아가며 맞닥뜨리는 예상치 못한 위기와 모험을 그린 이야기", "release_date": "2024-11-20", "popularity": 1477.864, "youtube_url": "https://www.youtube.com/watch?v=eblQHvJTHcc"}}, {"model": "community.movie", "pk": 9, "fields": {"tmdb_id": 533535, "title": "데드풀과 울버린", "original_title": "Deadpool & Wolverine", "poster_path": "/4Zb4Z2HjX1t5zr1qYOTdVoisJKp.jpg", "overview": "히어로 생활에서 은퇴한 후, 평범한 중고차 딜러로 살아가던 ‘데드풀’이 예상치 못한 거대한 위기를 맞아 모든 면에서 상극인 ‘울버린’을 찾아가게 되며 펼쳐지는 도파민 폭발 액션 블록버스터.", "release_date": "2024-07-24", "popularity": 1197.687, "youtube_url": "https://www.youtube.com/watch?v=NVDLUJa5dac"}}, {"model": "community.movie", "pk": 10, "fields": {"tmdb_id": 933260, "title": "서브스턴스", "original_title": "The Substance", "poster_path": "/pq5Wh3DE0KIBjF2kdGHn98eV1PC.jpg", "overview": "더 나은 버전의 당신을 꿈꿔본 적 있나요? 당신의 인생을 바꿔줄 신제품 ‘서브스턴스’. ‘서브스턴스’는 또 다른 당신을 만들어냅니다. 새롭고, 젊고, 더 아름답고, 더 완벽한 당신을. 단 한가지 규칙, 당신의 시간을 공유하면 됩니다. 당신을 위한 일주일, 새로운 당신을 위한 일주일, 각각 7일간의 완벽한 밸런스. 쉽죠? 균형을 존중한다면… 무엇이 잘못될 수 있을까요?", "release_date": "2024-09-07", "popularity": 1102.71, "youtube_url": "https://www.youtube.com/watch?v=0fTLLfAEwU4"}}, {"model": "community.movie", "pk": 11, "fields": {"tmdb_id": 698687, "title": "트랜스포머 ONE", "original_title": "Transformers One", "poster_path": "/c2JXlWzvXegSda8qaATr8I47kMx.jpg", "overview": "사이버트론 행성의 지하 광산에서 일하는 변신 못 하는 하급 로봇 오라이온 팩스와 D-16. 한 번도 가보지 못한 지상 세계를 꿈꾸던 둘은 쾌활한 수다쟁이 B-127, 카리스마 넘치는 엘리타 원과 함께 출입이 금지된 지상에 도달한다. 지상에서 잠들어 있던 알파 트라이온을 만난 넷은 그의 도움으로 잠재되어 있던 변신 능력을 얻게 된다. 막강한 힘과 변신 능력으로 자유를 느낀 것도 잠시, 자신들의 행성을 지배하고 있는 거대한 배후의 존재를 알게 되며 모든 것을 바꿀 전쟁을 시작하는데…", "release_date": "2024-09-11", "popularity": 1030.468, "youtube_url": "https://www.youtube.com/watch?v=yabqjIfawcc"}}, {"model": "community.movie", "pk": 12, "fields": {"tmdb_id": 1241982, "title": "모아나 2", "original_title": "Moana 2", "poster_path": "/2WVvPcVRqfjyVzIUVIcszGb6zT4.jpg", "overview": "바다를 누볐던 선조들에게서 예기치 못한 부름을 받은 모아나가 마우이와 다시 만나 새로운 선원들과 함께 오랫동안 잊혀진 멀고 위험한 바다 너머로 떠나는 특별한 모험을 담은 이야기", "release_date": "2024-11-27", "popularity": 1324.077, "youtube_url": "https://www.youtube.com/watch?v=zKIN_aZM1Qc"}}, {"model": "community.movie", "pk": 13, "fields": {"tmdb_id": 945961, "title": "에이리언: 로물루스", "original_title": "Alien: Romulus", "poster_path": "/AmWTYg3RCMv7fbQxwCqrxiaUhkc.jpg", "overview": "2142년, 부모 세대가 맞닥뜨렸던 암울한 미래를 피하려는 청년들이 더 나은 삶을 찾기 위해 식민지를 떠날 계획을 세운다. 하지만 버려진 우주 기지 로물루스에 도착한 이들은 악몽과도 같은 에이리언의 무자비한 공격에 쫓기기 시작한다. 그 누구도 그들의 절규를 들을 수 없는 우주 한가운데, 생존을 위한 치열한 사투를 벌여야 하는데...", "release_date": "2024-08-13", "popularity": 977.487, "youtube_url": "https://www.youtube.com/watch?v=o9F6G-VCtUU"}}, {"model": "community.movie", "pk": 14, "fields": {"tmdb_id": 845781, "title": "레드 원", "original_title": "Red One", "poster_path": "/ryYEpxWiZFmJJZUyvQCBvM5UOCU.jpg", "overview": "크리스마스 D-1, 철통같은 보안을 뚫고 코드명 '레드 원' 산타클로스가 납치되고 크리스마스가 사라질 위기에 처했다! '레드 원'을 찾기 위해 사령관 '칼럼 드리프트'는 산타클로스 따위는 없다고 믿는 현상금 사냥꾼 '잭 오말리'와 협력하기로 한다. 시작부터 삐그덕 거리는 이들 앞에 크리스마스의 존재를 위협하는 위험천만한 적들이 나타나는데…", "release_date": "2024-10-31", "popularity": 844.503, "youtube_url": "https://www.youtube.com/watch?v=dnmA7lKiFsY"}}, {"model": "community.movie", "pk": 15, "fields": {"tmdb_id": 519182, "title": "슈퍼배드 4", "original_title": "Despicable Me 4", "poster_path": "/5hl1PEpAvZ8Ok37kB7woIssHi3X.jpg", "overview": "슈트-업 하고 악당 전담 처리반 AVL이 된 에이전트 미니언즈와 미니언즈 만큼 귀여운 그루 주니어가 태어나면서 더욱 완벽해진 그루 패밀리. 이들 앞에 과거 그루의 고등학교 동창이자 그에게 체포당했던 빌런 맥심이 등장하고, 오직 그루를 향한 복수심에 불타올라 탈옥까지 감행한 맥심은 그루 패밀리의 뒤를 바짝 추격하며 위협을 가하기 시작하는데... 과연 에이전트 미니언즈와 그루 패밀리는 맥심을 막아낼 수 있을까?", "release_date": "2024-06-20", "popularity": 804.935, "youtube_url": "https://www.youtube.com/watch?v=g1NL-Px92k4"}}, {"model": "community.movie", "pk": 16, "fields": {"tmdb_id": 972614, "title": "녹스 고즈 어웨이", "original_title": "Knox Goes Away", "poster_path": "/w39qKYjltCix18BwtoZ1e45usdb.jpg", "overview": "빠르게 진행되는 치매 진단을 받은 청부 살인범에게 소원해진 성인 아들의 생명을 구함으로써 자신을 구원할 수 있는 기회가 주어지지만 이를 위해 자신을 쫓는 경찰과 빠르게 악화되는 정신 상태와 맞서 싸워야 한다.", "release_date": "2024-03-15", "popularity": 731.87, "youtube_url": null}}, {"model": "community.movie", "pk": 17, "fields": {"tmdb_id": 1051896, "title": "아카디안", "original_title": "Arcadian", "poster_path": "/spWV1eRzlDxvai8LbxwAWR0Vst4.jpg", "overview": "문명의 대부분이 파괴된 지구, 쌍둥이 형제들이 정체를 알 수 없는 괴물들로부터 아버지 ‘폴’과 이웃들을 지키기 위해 나서며 벌어지는 액션 스릴러", "release_date": "2024-04-12", "popularity": 738.823, "youtube_url": "https://www.youtube.com/watch?v=xtI93vJVPHA"}}, {"model": "community.movie", "pk": 18, "fields": {"tmdb_id": 24428, "title": "어벤져스", "original_title": "The Avengers", "poster_path": "/krgjV3rJtBcEpQehODKXNCt6uFL.jpg", "overview": "에너지원 큐브를 이용한 적의 등장으로 인류가 위험에 처하자 국제평화유지기구인 쉴드의 국장 닉 퓨리는 어벤져스 작전을 위해 전 세계에 흩어져 있던 슈퍼히어로들을 찾아나선다. 아이언맨부터 토르, 헐크, 캡틴 아메리카는 물론, 쉴드의 요원인 블랙 위도우, 호크 아이까지, 최고의 슈퍼히어로들이 어벤져스의 멤버로 모이게 되지만, 각기 개성이 강한 이들의 만남은 예상치 못한 방향으로 흘러가는데...", "release_date": "2012-04-25", "popularity": 161.439, "youtube_url": "https://www.youtube.com/watch?v=mck3JCl2uwQ"}}, {"model": "community.movie", "pk": 19, "fields": {"tmdb_id": 299536, "title": "어벤져스: 인피니티 워", "original_title": "Avengers: Infinity War", "poster_path": "/kmP6viwzcEkZeoi1LaVcQemcvZh.jpg", "overview": "타노스는 6개의 인피니티 스톤을 획득해 신으로 군림하려 한다. 그것은 곧 인류의 절반을 학살해 우주의 균형을 맞추겠다는 뜻. 타노스는 닥터 스트레인지가 소유한 타임 스톤, 비전의 이마에 박혀 있는 마인드 스톤을 차지하기 위해 지구를 침략한다. 아이언맨과 스파이더맨은 가디언즈 오브 갤럭시의 멤버들과 타노스를 상대한다. 지구에선 캡틴 아메리카, 완다, 블랙 위도우, 블랙 팬서 등이 비전을 지키기 위해 뭉친다.", "release_date": "2018-04-25", "popularity": 230.631, "youtube_url": "https://www.youtube.com/watch?v=F0kvfk1ghjA"}}, {"model": "community.movie", "pk": 20, "fields": {"tmdb_id": 1359227, "title": "레고 마블 어벤져스: 미션 데몰리션", "original_title": "LEGO Marvel Avengers: Mission Demolition", "poster_path": "/2gLpCJNao2AgHhCuuhwwlvL5hb1.jpg", "overview": "완전히 새로운 애니메이션 스페셜 ‘레고 마블: 미션 데몰리션’은 독창적인 매력이 확실한 유명 시리즈의 10번째 작품이다. 마블과 레고 그룹이 선보이는 이 최신 스페셜의 주인공은 히어로가 되고자 하는 젊은 슈퍼히어로 팬으로, 어벤져스의 세상을 파괴할 기회를 노리고 있는 강력한 새 악당을 우연한 계기로 해방시키고 만다.", "release_date": "2024-10-17", "popularity": 189.58, "youtube_url": null}}, {"model": "community.movie", "pk": 21, "fields": {"tmdb_id": 299534, "title": "어벤져스: 엔드게임", "original_title": "Avengers: Endgame", "poster_path": "/z7ilT5rNN9kDo8JZmgyhM6ej2xv.jpg", "overview": "어벤져스의 패배 이후 지구는 초토화됐고 남은 절반의 사람들은 정신적 고통을 호소하며 하루하루를 근근이 버텨나간다. 와칸다에서 싸우다 생존한 히어로들과 우주의 타이탄 행성에서 싸우다 생존한 히어로들이 뿔뿔이 흩어졌는데, 아이언맨과 네뷸라는 우주를 떠돌고 있고 지구에 남아 있는 어벤져스 멤버들은 닉 퓨리가 마지막에 신호를 보내다 만 송신기만 들여다보며 혹시 모를 우주의 응답을 기다리는 중이다. 애초 히어로의 삶을 잠시 내려놓고 가족과 시간을 보내던 호크아이 역시 헤아릴 수 없는 마음의 상처를 입은 채 사라지고 마는데...", "release_date": "2019-04-24", "popularity": 119.782, "youtube_url": "https://www.youtube.com/watch?v=Ko2NWhXI9e8"}}, {"model": "community.movie", "pk": 22, "fields": {"tmdb_id": 1003596, "title": "어벤져스: 둠스데이", "original_title": "Avengers: Doomsday", "poster_path": "/eO6OdA4RDRWeCVlDMcsoxWYFySD.jpg", "overview": "An upcoming film in the Marvel Cinematic Universe's (MCU) sixth Phase and part of The Multiverse Saga. Plot TBA.", "release_date": "2026-04-29", "popularity": 60.104, "youtube_url": null}}, {"model": "community.movie", "pk": 23, "fields": {"tmdb_id": 99861, "title": "어벤져스: 에이지 오브 울트론", "original_title": "Avengers: Age of Ultron", "poster_path": "/y8pY5MIzpPAnF5vYUNm1tw1AzL3.jpg", "overview": "토니 스타크는 뉴욕전쟁 때와 같은 사태가 벌어지지 않도록 한때 가동하려다 중단된 휴면 상태의 평화 유지 프로그램을 작동 시키려 한다. 배너 박사와 함께 지구를 지킬 최강의 인공지능 울트론을 탄생시키게 되지만, 울트론은 예상과 다르게 지배를 벗어나 폭주하기 시작하고 어벤져스는 지구의 운명이 걸린 거대한 시험대에 오르게 된다. 울트론이 자신을 복제해 위협을 가하자 이를 저지하기 위해 아이언맨, 캡틴 아메리카, 토르, 헐크, 블랙위도우, 호크아이 등으로 구성된 어벤져스와 새로 합류하게 되는 퀵 실버, 스칼렛 위치 남매와 불안한 동맹을 맺는다.", "release_date": "2015-04-22", "popularity": 101.902, "youtube_url": "https://www.youtube.com/watch?v=xmYifU6bjro"}}, {"model": "community.movie", "pk": 24, "fields": {"tmdb_id": 1003598, "title": "어벤져스: 시크릿 워즈", "original_title": "Avengers: Secret Wars", "poster_path": "/f0YBuh4hyiAheXhh4JnJWoKi9g5.jpg", "overview": "An upcoming film in Phase 6 of the Marvel Cinematic Universe (MCU) and the finale of The Multiverse Saga. Plot TBA.", "release_date": "2027-05-05", "popularity": 39.732, "youtube_url": null}}, {"model": "community.movie", "pk": 25, "fields": {"tmdb_id": 1154598, "title": "레고 마블 어벤져스: 코드 레드", "original_title": "LEGO Marvel Avengers: Code Red", "poster_path": "/cCIKixVHGIynoZR2xMg9uygey5f.jpg", "overview": "뉴욕을 지키기 위해 모인 어벤져스. 그러나 블랙 위도우는 아버지 레드 가디언이 자신을 따라다니며 어린애 취급하자 화를 내고 만다. 그 후 레드 가디언이 갑자기 사라지고, 어벤져스는 '콜렉터'가 이름에 '레드'라는 단어가 들어간 영웅과 악당을 납치하고 다닌다는 사실을 알게 된다. 어벤져스는 힘을 합쳐 콜렉터의 은신처를 찾고 그의 수집품이 되어버린 영웅과 악당을 모두 구할 수 있을까?", "release_date": "2023-10-26", "popularity": 25.972, "youtube_url": "https://www.youtube.com/watch?v=b7GKv7AeifI"}}, {"model": "community.movie", "pk": 26, "fields": {"tmdb_id": 14611, "title": "얼티밋 어벤져스 2", "original_title": "Ultimate Avengers 2", "poster_path": "/2bfVNvLKWaxFh1LiOKlvxgiHOXn.jpg", "overview": "신비한 와칸다는 세계 대부분이 알지 못하는 아프리카의 가장 어두운 심장부에 있습니다. 폐쇄된 국경 뒤에 숨겨진 고립된 땅, 젊은 왕 블랙 팬서에 의해 강력하게 보호됩니다. 하지만 잔인한 외계 침략자들이 공격할 때, 그 위협은 흑표범에게 그의 백성들의 신성한 법령을 거스르고 외부인들에게 도움을 요청하는 것 외에는 선택의 여지가 없게 합니다.", "release_date": "2006-08-08", "popularity": 13.746, "youtube_url": null}}, {"model": "community.movie", "pk": 27, "fields": {"tmdb_id": 521720, "title": "어벤져스 그림: 시간 전쟁", "original_title": "Avengers Grimm: Time Wars", "poster_path": "/4ARjDBmYpOocL8kVTyWWSSzx5Df.jpg", "overview": "시공간의 균열로 인해 마법 세계와의 통로가 열렸다! 아틀란티스의 여왕 막다는 마법의 힘으로 온 세상을 손에 넣고자 한다. 이를 막기 위해 나타난 어벤져스들은 막다의 계략으로 차원의 틈에 휘말려 과거에 갇히고 만다. 여왕의 손에서 미래와 세상을 구하기 위한 최후의 전쟁이 시작된다!", "release_date": "2018-05-01", "popularity": 8.349, "youtube_url": null}}, {"model": "community.movie", "pk": 28, "fields": {"tmdb_id": 257346, "title": "어벤져스 컨피덴셜: 블랙 위도우 앤 퍼니셔", "original_title": "アベンジャーズ コンフィデンシャル：ブラック・ウィドウ ＆ パニッシャー", "poster_path": "/bsXC1PaRg8eEvVXCTVtNwLLvcyl.jpg", "overview": "지구의 안보가 위협당하는 위기의 상황에서 슈퍼히어로들을 불러모아 세상을 구하는, 일명 [어벤져스] 작전.  지구의 평화를 위협하는 적의 등장으로 인류가 위험에 처하자 국제평화유지기구인 쉴드 (S.H.I.E.L.D)의 국장 닉 퓨이는 [어벤져스] 작전을 위해 전 세계에 흩어져 있던 슈퍼히어로들을 찾아나선다. 아이언맨부터 토르, 헐크, 캡틴 아메리카는 물론, 쉴드의 요원인 블랙 위도우, 호크 아이까지, 최고의 슈퍼히어로들이 [어벤져스]의 멤버로 모이게 되지만, 각기 개성이 강한 이들의 만남은 예상치 못한 방향으로 흘러가는데…", "release_date": "2014-04-19", "popularity": 22.677, "youtube_url": null}}, {"model": "community.movie", "pk": 29, "fields": {"tmdb_id": 14613, "title": "넥스트 어벤져스: 히어로즈 오브 투모로우", "original_title": "Next Avengers: Heroes of Tomorrow", "poster_path": "/fpG1NDbcLV2a7c8X7LC4FPISBT7.jpg", "overview": "울트론의 세력 확장을 피해 숨어 지내던 어벤져의 아이들은 우연히 자신들의 운명을 깨닫고 울트론에게 맞서 싸우기로 결심한다.", "release_date": "2008-09-02", "popularity": 9.262, "youtube_url": null}}, {"model": "community.movie", "pk": 30, "fields": {"tmdb_id": 538153, "title": "어벤져스 오브 저스티스", "original_title": "Avengers of Justice: Farce Wars", "poster_path": "/yymsCwKPbJIF1xcl2ih8fl7OxAa.jpg", "overview": "은하계 최강의 빌런 조크스터는 태양을 없애 지구에 새로운 빙하기를 불러일으키고자 한다. 슈퍼히어로 슈퍼배트는 히어로 동료들과 함께 조크스터에 맞서 지구를 지켜내야만 한다. 이제 전 인류의 운명이 걸린 최후의 대결이 시작된다.", "release_date": "2018-07-20", "popularity": 6.352, "youtube_url": null}}, {"model": "community.movie", "pk": 31, "fields": {"tmdb_id": 899249, "title": "레고 마블 어벤져스: 훈련생 로키, 뒤틀린 시간", "original_title": "LEGO Marvel Avengers: Loki in Training", "poster_path": "/eyBifMbovoQbyuNXHOFYo7tsInp.jpg", "overview": "Loki declares he wants to be an Avenger, so Iron Man decides to make Loki an \"Avenger In Training.\" It's a great plan until Thanos arrives on Earth looking for Loki.", "release_date": "2021-11-01", "popularity": 2.689, "youtube_url": null}}, {"model": "community.movie", "pk": 32, "fields": {"tmdb_id": 14609, "title": "얼티메이트 어벤저스", "original_title": "Ultimate Avengers: The Movie", "poster_path": "/zyMZ2boSccbaUjOkl6AdzLb6KKd.jpg", "overview": "수퍼 군인 혈청으로 탄생한 캡틴 아메리카는 2차 세계대전이 한창이던 1945년, 나치와 전투를 벌이던 중 북극의 빙하에 갇혀 냉동된다. 21세기가 되어 그의 혈액으로부터 수퍼 군인 혈청을 추출하려는 미군에 의해 다시 깨어난 그는 또 다시 거대한 악의 세력에 위협받는 세계를 구하기 위해 나서야할 상황을 맞이하는데...", "release_date": "2006-02-21", "popularity": 12.945, "youtube_url": null}}, {"model": "community.movie", "pk": 33, "fields": {"tmdb_id": 919207, "title": "서울의 봄", "original_title": "서울의 봄", "poster_path": "/ukVVnY9ovwl78WE5KndcpA6SnAm.jpg", "overview": "박 대통령의 암살 이후, 계엄령이 선포된다. 국군보안사령관 전두광과 그를 따르는 장교들에 의해 쿠데타가 일어나고 군대가 정치적 행동을 해선 안된다고 믿는 완고한 군인인, 수도방위사령관 이태신은 전두광을 막기 위해 그와 맞서기로 한다. 그들의 갈등이 점차 심화되고, 대혼란 속에서 모두가 갈망하던 서울의 봄은 예상치 못한 방향으로 흘러간다.", "release_date": "2023-11-22", "popularity": 15.618, "youtube_url": "https://www.youtube.com/watch?v=-AZ7cnwn2YI"}}, {"model": "community.movie", "pk": 34, "fields": {"tmdb_id": 674, "title": "해리 포터와 불의 잔", "original_title": "", "poster_path": "/h6BhNwNXg0IEbs2PoWfCX9QEvgl.jpg", "overview": "요즘 들어 매일 꾸는 악몽 때문에 이마의 상처에 더욱 통증을 느끼는 해리는 친구 론과 헤르미온느와 함께 퀴디치 월드컵에 참가해 악몽에서 벗어날 수 있게 돼 마냥 기쁘다. 그러나 퀴디치 캠프장 근방 하늘에 불길한 기운이 나타난다. 바로 마왕 볼드모트의 상징인 어둠의 표식이 나타난 것. 볼드모트가 13년 전에 자취를 감춘 뒤, 감히 모습을 드러내지 못했던 그의 추종자 데스 이터들이 그 표식을 불러낸 것이다. 두려움으로 가득 찬 해리는 안전한 호그와트 마법학교로 돌아가고 싶어한다. 덤블도어 교장이라면 자신을 지켜줄 수 있을 것이기에. 그러나 올해는 예년과 상황이 좀 다른데...", "release_date": "2005-11-16", "popularity": 166.694, "youtube_url": null}}, {"model": "community.movie", "pk": 35, "fields": {"tmdb_id": 637920, "title": "7번방의 기적", "original_title": "7. Koğuştaki Mucize", "poster_path": "/bOth4QmNyEkalwahfPCfiXjNh1r.jpg", "overview": "교도소 7번 방. 지능이 예닐곱 살 수준인 남자가 이곳에 들어왔다. 아동 살해 누명을 쓰고 사형을 기다리지만 그에겐 아끼는 딸이 있다. 감방 동료들이 준비한 특별 선물로 딸과 재회한 남자. 하지만 계속 함께하려면 무죄를 밝혀야 한다.", "release_date": "2019-10-10", "popularity": 32.738, "youtube_url": null}}, {"model": "community.movie", "pk": 36, "fields": {"tmdb_id": 638240, "title": "7번방의 기적", "original_title": "Miracle in Cell No. 7", "poster_path": "/4FPlIQWRUSVEpuda19izUDO2GKr.jpg", "overview": "어린 딸을 키우는 남자가 아동 성폭행범으로 몰려 교도소에 수감되면서 벌어지는 이야기를 그린 영화", "release_date": "2019-12-25", "popularity": 4.689, "youtube_url": null}}, {"model": "community.movie", "pk": 37, "fields": {"tmdb_id": 158445, "title": "7번방의 선물", "original_title": "7번방의 선물", "poster_path": "/c9TqJPm4pZCuiEXumTayoNIrBSK.jpg", "overview": "최악의 흉악범들이 모인 교도소 7번방에 이상한 놈이 들어왔다! 그는 바로 6살 지능의 딸바보 용구. 평생 죄만 짓고 살아온 7번방 패밀리들에게 떨어진 미션은 바로 용구 딸 예승이를 외부인 절대 출입금지인 교도소에 반.입.하.는.것! 웃음과 감동 가득한 사상초유의 합동작전이 시작된다!", "release_date": "2013-01-23", "popularity": 14.676, "youtube_url": "https://www.youtube.com/watch?v=rvcN5uFf_VI"}}, {"model": "community.movie", "pk": 38, "fields": {"tmdb_id": 665042, "title": "7번방의 기적", "original_title": "Miracle in Cell No. 7", "poster_path": "/7UkcMbrurCHTe2CDu9WuIZkCisu.jpg", "overview": "선천적인 지능장애에도 불구하고, 도도 로작은 그의 딸 카르티카에게 좋은 아버지가 되고자 노력한다. 아이 같은 행동을 하는 아빠를 돌보는 데 하루를 보내는 딸이지만 자신을 위해 풍선 팔이에 나서는 아버지를 매우 자랑스럽게 생각하며 행복한 삶을 살고 있다. 그러던 어느 날 도도는 소녀를 강간하고 살인했다는 누명을 쓰고 폭력적인 수감자들과 함께 7번 방에 수감되는데… 한국영화 ‘7번방의 선물’의 인도네시아 리메이크 작품", "release_date": "2022-09-08", "popularity": 3.66, "youtube_url": null}}, {"model": "community.movie", "pk": 39, "fields": {"tmdb_id": 10784, "title": "캬바레", "original_title": "", "poster_path": "/fMhOeJ2TvuY46iYGmsowhgRXfnr.jpg", "overview": "샐리보울은 30년대 베를린의 킷캇 클럽에서 명성을 떨친 전설적인 댄서다. 그녀는 최고의 매너를 지닌 영국 신사 브라이언 로버츠와 사랑에 빠지지만 그남자는 양성애자다. 샐리와 브라이언 두 사람은 동시에 부유한 플레이 보이 막시밀리언 폰 헤우네의 유혹을 받는다, 흔히 볼 수 있는 삼각 관계가 아닌 양성애가 얽힌 이중의 이 삼각관계에 끼어드는 것은 정치다. 샐리의 동료인 유대인 여자 나탈리는 바람둥이인 프리트와 사랑을 나누지만 나치가 득세하자 자신의 유대인 신분을 감춘채 살아남기위해 전전긍긍한다. 샐리는 브라이언의 아이를 임신하지만 자신의 직업적인 미래를 위해 아이를 지운다. 그러자 브라이언은 영국으로 돌아간다.", "release_date": "1972-02-13", "popularity": 16.539, "youtube_url": null}}, {"model": "community.movie", "pk": 40, "fields": {"tmdb_id": 109445, "title": "겨울왕국", "original_title": "Frozen", "poster_path": "/nelAGS4rcZm2Qyuy3TSNWgU2mEL.jpg", "overview": "서로가 최고의 친구였던 자매 엘사와 안나. 하지만 언니 엘사에게는 하나뿐인 동생에게조차 말 못할 비밀이 있다. 모든 것을 얼려버리는 신비로운 힘이 바로 그 것. 엘사는 통제할 수 없는 자신의 힘이 두려워 왕국을 떠나 북쪽 산으로 도망치고, 홀로 그곳에서 얼음 궁전을 지어 지내게 된다. 한편 얼어버린 왕국의 저주를 풀기 위해 안나는 언니를 찾아 나서고, 그 과정에서 안나는 까칠한 매력의 얼음장수 크리스토프와 만나 영원히 얼어붙은 왕국을 구해내기 위해 함께 고군분투한다.", "release_date": "2013-11-20", "popularity": 117.463, "youtube_url": "https://www.youtube.com/watch?v=bbh1NIpDo-c"}}, {"model": "community.movie", "pk": 41, "fields": {"tmdb_id": 330457, "title": "겨울왕국 2", "original_title": "Frozen II", "poster_path": "/lVcwSnzhSMWYXUQzyMilCztSE6I.jpg", "overview": "평화를 되찾은 아렌델 왕국에 새로운 위기가 찾아온다. 어느 날부턴가 의문의 목소리가 엘사를 부르고, 평화로운 아렌델 왕국을 위협한다. 트롤은 모든 것은 과거에서 시작되었음을 알려주며 엘사의 힘의 비밀과 진실을 찾아 떠나야한다고 조언한다. 위험에 빠진 아렌델 왕국을 구해야만 하는 엘사와 안나는 숨겨진 과거의 진실을 찾아 크리스토프, 올라프, 그리고 스벤과 함께 위험천만한 놀라운 모험을 떠나게 된다. 자신의 힘을 두려워했던 엘사는 이제 이 모험을 헤쳐나가기에 자신의 힘이 충분하다고 믿어야만 하는데...", "release_date": "2019-11-20", "popularity": 78.693, "youtube_url": "https://www.youtube.com/watch?v=eSEs4B4H-EA"}}, {"model": "community.movie", "pk": 42, "fields": {"tmdb_id": 326359, "title": "겨울왕국 열기", "original_title": "Frozen Fever", "poster_path": "/4sSiwcObP2IBYHgObcQ2MhvUnO5.jpg", "overview": "생일을 맞이한 안나를 위해 엘사가 특별한 생일 파티를 준비하면서 벌어지는 이야기.", "release_date": "2015-03-09", "popularity": 20.704, "youtube_url": null}}, {"model": "community.movie", "pk": 43, "fields": {"tmdb_id": 460793, "title": "올라프의 겨울왕국 어드벤처", "original_title": "Olaf's Frozen Adventure", "poster_path": "/fwyG1Wnu8phiJUySsgkImz9IpNf.jpg", "overview": "올라프가 특별한 크리스마스 가족 전통이 없는 엘사와 안나를 위해 아렌델 왕국의 크리스마스 전통을 찾아 순록 스벤과 함께 모험하는 이야기. 디즈니 애니메이션 [코코] 상영시 오프닝 영상으로 공개.", "release_date": "2017-10-27", "popularity": 29.539, "youtube_url": null}}, {"model": "community.movie", "pk": 44, "fields": {"tmdb_id": 1024604, "title": "겨울왕국 3", "original_title": "Frozen III", "poster_path": "/8eUfD6fzNWWyuwUYxeSI3grxpy0.jpg", "overview": "Third installment in the Disney animated franchise. Plot TBA.", "release_date": "2027-10-14", "popularity": 9.545, "youtube_url": null}}, {"model": "community.movie", "pk": 45, "fields": {"tmdb_id": 451044, "title": "겨울왕국의 무민", "original_title": "Muumien taikatalvi", "poster_path": "/kYFMZAP2yMVDLnnSOsgmDZ31j17.jpg", "overview": "따스한 여름이 지나고 겨울이 찾아온 무민 골짜기.  밤나무와 열매 그리고 나뭇잎 향기까지, 무민이 좋아했던 모든 것을 꽁꽁 얼려버린 겨울은  무민이 가장 소중하게 생각했던 해님까지 몰래 숨겨버린다.  해님을 기다리던 무민은 오랜 고민 끝에 직접 해님을 찾기로 하고,  친구 투티키와 특별한 도전에 나서는데…", "release_date": "2017-11-23", "popularity": 2.742, "youtube_url": null}}, {"model": "community.movie", "pk": 46, "fields": {"tmdb_id": 771, "title": "나 홀로 집에", "original_title": "Home Alone", "poster_path": "/oOrGMMvpe51VmlC5nwEOt211kjy.jpg", "overview": "크리스마스 시즌의 시카고. 말썽꾸러기 케빈은 자기의 치즈 피자를 먹은 형과 싸워 소동을 일으키자 엄마는 케빈을 3층 다락방으로 올려보낸다. 케빈의 가족들과 케빈의 집에 온 손님들은 다음 날에 크리스마스 연휴를 이용해 프랑스의 친척 집으로 떠날 계획이었다. 그날 밤, 바람이 세차게 불어 전화선과 전기선이 끊긴다. 케빈의 가족들은 늦잠을 자게 되어 비행기 시간을 맞추기 위해 허둥대다가 그만 3층 다락방에서 잠이 든 케빈을 두고 떠난다. 잠에서 깬 케빈은 혼자 남은 것을 알고 하느님이 자신의 소원을 들어주었다고 기뻐한다. 비행기를 타고 가던 케빈의 어머니는 무엇인가 빠뜨린 기분에 고민하다가 케빈을 두고 왔음에 놀란다. 하지만 전화선이 불통이라, 어쩔 수 없다가 프랑스에 도착한 식구들은 목적지로 가고 엄마는 케빈이 걱정이 되어 집으로 돌아갈 비행기표를 사기 위해 안간힘을 쓰지만 연말연휴라 좌석이 없었다. 혼자 집에 남은 케빈은 형과 누나 방을 구경하면서 즐거워한다. 그리고 노래를 부르고 트리도 만들면서 자축한다. 그런데 빈집털이 2인조 도둑이 케빈의 집을 호시탐탐 노리고 있다는 것을 알게 되는데...", "release_date": "1990-11-16", "popularity": 9.835, "youtube_url": "https://www.youtube.com/watch?v=KpUtdG7XnQY"}}, {"model": "community.movie", "pk": 47, "fields": {"tmdb_id": 12142, "title": "어둠 속에 나홀로", "original_title": "Alone in the Dark", "poster_path": "/bSxrbVCyWW077zhtpuYlo3zgyug.jpg", "overview": "일 만년전의 초고대문명인 압나키 문명은 어둠의 세계를 빛의 세계로 불러오게 되어 놀라운 그들의 과학문명으로도 막아내지 못하여 순식간에 멸망 당하면서도 간신히 그 문을 봉인하고 그 열쇠를 나누어 세계의 곳곳에 흩어두게 되었지만, 미국정부의 초자연현상 연구기관인 713부서의 하진스 박사는 그 유적들을 모아 다시 악의 문을 열려고 음모를 꾸미고, 그것에 관련되어 고통을 겪은 에드워즈 칸비는 고대문명의 비밀을 밝혀내고 알 수 없는 음모의 진행을 저지하려 하는데...", "release_date": "2005-01-28", "popularity": 9.935, "youtube_url": null}}, {"model": "community.movie", "pk": 48, "fields": {"tmdb_id": 395572, "title": "나홀로 휴가", "original_title": "나홀로 휴가", "poster_path": "/iiCCk1G308DuHBqjw4fUqSxtUlj.jpg", "overview": "소문난 모범 가장 ‘강재’의 취미는 사진찍기다. 나 홀로 취미인 탓에 아내는 때때로 불만을 토로하지만, 출사 여행은 그녀가 남편에게 허락한 건실함에 대한 작은 보상이다.  오늘도 강재는 홀로 제주도로 떠나왔다. 꽃, 바다, 해녀들을 카메라에 담는 것도 잠시, 그의 카메라 렌즈가 단란해 보이는 한 가족을 좇고 있다. 불쑥, 클로즈업되는 아름다운 여자의 얼굴. 강재가 10년 전에 놓친 사랑 ‘시연’이다. 강재는 그녀를 잊지 못해 지금까지 쭉 그녀 주위를 맴돌며 몰래 바라보고 있었던 것.  그러던 어느 날, 시연이 며칠째 직장과 집에서 보이지 않는다. 그녀의 묘연한 행방에 불안해진 강재는 기어코 그녀의 집을 찾아가 초인종을 누르고 마는데…  10년을 하루처럼 옛사랑을 맴돈 한 남자의  지긋지긋한 사랑 혹은 지고지순한 집착의 시작과 끝.  그 찬란하고 애틋한 기억을 만난다!", "release_date": "2016-09-22", "popularity": 0.963, "youtube_url": null}}, {"model": "community.movie", "pk": 49, "fields": {"tmdb_id": 241742, "title": "나홀로 크리스마스", "original_title": "Bone Alone", "poster_path": "/oH9q11frO0Og5ovP9y8eFppl9tg.jpg", "overview": "가족 모두 크리스마스를 맞이해 할머니 댁에 놀러가지만, ‘본’은 어린 강아지 콜럼버스의 말썽을 오해받으며 행동교정을 위해 보호소에 맡겨진다.  본은 그곳에서 빈집을 터는 도둑들의 얘기를 듣고 아침에 집에 찾아왔던 우체부를 떠올리고 그들이 도둑임을 직감한다.  친구 개들의 도움을 받아 보호소에서 탈출해 집으로 들어간 본은 똑똑한 머리로 온갖 함정을 만들어 도둑들을 골탕 먹이고 물건을 훔쳐가지 못하게 방해하는데...  충직한 개 ‘본’은 작전에 성공해 집을 지킬 수 있을까?", "release_date": "2013-10-04", "popularity": 2.705, "youtube_url": null}}, {"model": "community.movie", "pk": 50, "fields": {"tmdb_id": 102899, "title": "앤트맨", "original_title": "", "poster_path": "/ewbQqebFMXqs2n1DEOS2CoDtGm.jpg", "overview": "하나뿐인 딸에게 멋진 아빠이고 싶지만 현실은 생계형 도둑인 스콧 랭. 하지만 전과자인 스콧의 새 출발은 번번이 좌절된다. 어느 날 그에게 몸을 자유자재로 늘리거나 줄일 수 있는 핌 입자를 개발한 과학자 행크 핌이 찾아와 수트와 헬멧을 건네며 앤트맨이 되어 줄 것을 요청한다. 행크는 앤트맨의 기술이 악용되는 것을 막기 위해 스콧에게 접근했고, 스콧을 앤트맨으로 훈련시켜 그 비밀기술을 훔쳐내려는 계획을 짠다. 어리둥절하지만 일단 한번 해보기로 결심한 스콧은 행크 핌의 딸인 호프의 도움을 받아 점차 히어로의 면모를 갖추어가게 되는데...", "release_date": "2015-07-14", "popularity": 45.353, "youtube_url": null}}, {"model": "community.movie", "pk": 51, "fields": {"tmdb_id": 479718, "title": "범죄도시", "original_title": "범죄도시", "poster_path": "/ayk6y2D5v5VACFqrPfF05MARZ9n.jpg", "overview": "2004년 서울. 중국 하얼빈에서 활동하다 피신한 신흥 범죄조직의 악랄한 보스 장첸. 가리봉동 일대로 넘어온 장첸과 그의 일당들은 단숨에 기존 조직들을 장악하고 가장 강력한 세력인 춘식이파 보스 황사장까지 위협하며 도시 일대의 최강자로 급부상한다. 한편 대한민국을 뒤흔든 장첸 일당을 잡기 위해 오직 주먹 한방으로 도시의 평화를 유지해 온 괴물형사 마석도와  인간미 넘치는 든든한 리더 전일만 반장이 이끄는 강력반은 눈에는 눈 방식의  소탕 작전을 기획하는데...", "release_date": "2017-10-03", "popularity": 36.0, "youtube_url": "https://www.youtube.com/watch?v=n-dYGqVVgU4"}}, {"model": "community.movie", "pk": 52, "fields": {"tmdb_id": 307663, "title": "바이스: 범죄도시", "original_title": "Vice", "poster_path": "/vn8akeiW9Ex4bilkMK9gVWSnCqO.jpg", "overview": "법도 규칙도 책임도 없는 도시 ‘바이스’. 이곳에서 사람들은 폭력, 살인, 강간 등 현실에선 불법인 광기를 분출한다. ‘바이스’에서 고객들의 욕망을 충족 시켜주는 건 인간의 유전자를 복제한 인공 지능 로봇으로 이들은 자신이 로봇이란 사실을 모른다. 그리고 이를 철저하게 통제하고 관리하는 건 냉혹한 경영자 ‘줄리안’(브루스 윌리스)이다.  어느 날, 로봇 중 하나인 ‘켈리’가 시스템의 오류로 모든 기억이 되살아 낸 채 ‘바이스’를 탈출한다.  이를 막으려는 ‘줄리안’과 ‘바이스’때문에 현실로 범죄가 이어진다고 비난하던 형사 ‘로이’(토마스 제인)가  이상한 낌새를 알아채고 ‘켈리’를 추격하기 시작한다.  그리고 ‘켈리’와 ‘로이’는 점차 믿을 수 없는 충격적 사실들과 마주하게 되는데…", "release_date": "2015-01-16", "popularity": 15.322, "youtube_url": null}}, {"model": "community.movie", "pk": 53, "fields": {"tmdb_id": 185567, "title": "줄루: 범죄도시", "original_title": "Zulu", "poster_path": "/h5OZD7pVkIKR5jf4lGFzQQrLmLc.jpg", "overview": "참혹한 살인사건이 연쇄적으로 일어난다. 특수대는 신종 약물이 사건과 연결된 걸 밝혀낸다. 거친 범죄도시의 갱단은 무차별 공격으로 저항한다. 배후에 과거 국가의 인종 청소 프로젝트와 관련 있는데…", "release_date": "2013-12-04", "popularity": 8.581, "youtube_url": null}}, {"model": "community.movie", "pk": 54, "fields": {"tmdb_id": 15801, "title": "범죄도시", "original_title": "What Doesn't Kill You", "poster_path": "/6DjoU0tYbHPUNyxq6wKQmGhnlDR.jpg", "overview": "브라이언(마크 러팔로)과 폴리(에단 호크)는 어린 시절부터 뒷골목 세계에서 거칠게 성장하며 추운 보스턴의 겨울을 버텨낸다. 시간이 흘러 어느덧 가정을 이루고 두 아들을 둔 브라이언은 계속되는 불안정한 생활에서 벗어나고 싶어하면서도 폴리와 함께 점점 더 큰 돈이 걸린 위험한 범죄에 뛰어들게 된다. 결국 화물트럭을 털다 수감생활을 하게 되는 두 사람. 출소 후 조직 내 입지에 대한 불안함과 생활고를 견디다 못해 현금 수송 차량을 털어 크게 한 방 터뜨리기로 결심하지만 마지막 순간의 선택은 이들의 운명을 정반대로 바꾸어놓는데..", "release_date": "2008-12-12", "popularity": 6.233, "youtube_url": null}}, {"model": "community.movie", "pk": 55, "fields": {"tmdb_id": 881298, "title": "연변: 범죄도시", "original_title": "东北警察故事", "poster_path": "/q2RYArSY9qtu7kO4OtiLaXC3DUb.jpg", "overview": "열혈 경찰 리훙치는 범인 체포 과정에서 민원이 발생해 강제로 휴가를 받고 여자 친구의 고향에 함께 내려온다. 예비 장인이자 지역 유지인 타오칭춘이 리훙치를 지인들에게 소개하는 자리에 샤오 씨 삼 형제가 나타나고 리훙치는 본능적으로 심상치 않은 일임을 직감하는데...", "release_date": "2021-10-04", "popularity": 1.818, "youtube_url": null}}, {"model": "community.movie", "pk": 56, "fields": {"tmdb_id": 589885, "title": "범죄도시: 나쁜놈들 전성시대", "original_title": "Eminence Hill", "poster_path": "/lvfPG1fflSu5JPqgMtKG9rxym5Z.jpg", "overview": "황량한 애리조나 황무지 중심에 어느 날, 최고의 실력을 지닌 총잡이들이 모여든다. 형제의 복수를 위해 냉혹한 살인마가 된 로이스. 살인마에게 걸린 현상금을 노리는 연방 보안관 퀸시. 운명은 두 사람을 외부에 알려지지 않은 미지의 마을로 인도하고, 그곳에서 최후의 결전이 벌어지는데...", "release_date": "2019-11-01", "popularity": 5.623, "youtube_url": null}}, {"model": "community.movie", "pk": 57, "fields": {"tmdb_id": 548669, "title": "대범죄도시: 나쁜녀석들", "original_title": "狂徒", "poster_path": "/abxLlNu8UvZVESn4S84Cvx0Jqod.jpg", "overview": "잘나가던 스타 농구 선수에서 한순간에 조폭 심부름꾼으로 전락한 ‘레이’. 그러던 어느 날, 우연히 은행강도범 ‘벤’을 만난 그는 얼떨결에 그의 범행을 도와주게 된다. 시궁창 같은 생활에서 벗어나기 위해 ‘벤’의 다음 범행을 돕기로 한 ‘레이’. 과연 이들의 한탕 대작전은 성공할 수 있을 것인가!", "release_date": "2018-10-26", "popularity": 2.084, "youtube_url": null}}, {"model": "community.movie", "pk": 58, "fields": {"tmdb_id": 687566, "title": "방콕 범죄도시", "original_title": "ล่า ล้าง บัญชี", "poster_path": "/hWcO2zLQ0mnSbYW20a5NHtUbXcN.jpg", "overview": "앤지는 부모님이 살해된 이후 마을의 총격범에게 입양되어 킬러로 자란다. 첫 번째 임무에 실패한 앤지는 쫓기는 신세가 되고 부모님을 죽인 자가 누구인지 알게 되고, 앤지의 복수가 시작되는데..", "release_date": "2020-03-29", "popularity": 1.209, "youtube_url": null}}, {"model": "community.movie", "pk": 59, "fields": {"tmdb_id": 955555, "title": "범죄도시 3", "original_title": "범죄도시 3", "poster_path": "/kPtNokhBtgwSp3MHaR3X4O0SPbF.jpg", "overview": "베트남 납치 살해범 검거 후 7년 뒤, 마석도는 새로운 팀원들과 함께 살인사건을 조사한다. 사건 조사 중 마석도는 신종 마약 사건이 연루되었음을 알게 되고 수사를 확대한다. 한편 마약 사건의 배후인 주성철은 계속해서 판을 키워가고, 약을 유통하던 일본 조직과 리키까지 한국에 들어오며 사건의 규모는 점점 더 커져가는데...", "release_date": "2023-05-31", "popularity": 86.655, "youtube_url": "https://www.youtube.com/watch?v=4p7WZmM3Bk8"}}, {"model": "community.movie", "pk": 60, "fields": {"tmdb_id": 619803, "title": "범죄도시 2", "original_title": "범죄도시 2", "poster_path": "/nM1bSFJ84mB6woEFoGDjs7eeYWB.jpg", "overview": "가리봉동 소탕작전으로부터 4년이 지난 2008년, 금천경찰서 강력반은 베트남으로 도주한 용의자를 인도받아 오라는 미션을 받는다. 그렇게 현지를 물색하던 마석도와 전일만은 용의자에게 미심쩍음을 느껴 추궁한 끝에, 악랄한 강해상의 존재를 알게 된다. 두 형사는 수사권이 없는 상황에도 한국과 베트남을 오가며 역대급 범죄를 저지르는 그를 잡겠다는 일념 하나로 호찌민 이곳저곳을 거침없이 누빈다.", "release_date": "2022-05-18", "popularity": 44.876, "youtube_url": "https://www.youtube.com/watch?v=DfqBfjboSNE"}}, {"model": "community.movie", "pk": 61, "fields": {"tmdb_id": 1017163, "title": "범죄도시 4", "original_title": "범죄도시 4", "poster_path": "/h1YarEjeYurkAwXgfY1RDMVCiin.jpg", "overview": "신종 마약 사건 3년 뒤, 괴물형사 마석도와 서울 광수대는 배달앱을 이용한 마약 판매 사건을 수사하던 중 수배 중인 앱 개발자가 필리핀에서 사망한 사건이 대규모 온라인 불법 도박 조직과 연관되어 있음을 알아낸다. 필리핀에 거점을 두고 납치, 감금, 폭행, 살인 등으로 대한민국 온라인 불법 도박 시장을 장악한 특수부대 용병 출신의 빌런 백창기와 한국에서 더 큰 판을 짜고 있는 IT업계 천재 CEO 장동철. 마석도는 더 커진 판을 잡기 위해 장이수에게 뜻밖의 협력을 제안하고 광역수사대는 물론, 사이버수사대까지 합류해 범죄를 소탕하기 시작하는데…", "release_date": "2024-04-24", "popularity": 44.337, "youtube_url": "https://www.youtube.com/watch?v=pMAPj6WVsT4"}}, {"model": "community.movie", "pk": 62, "fields": {"tmdb_id": 921636, "title": "범죄의 장인", "original_title": "The Out-Laws", "poster_path": "/ejjH8macA8bihVxvCQLZ5RscrzK.jpg", "overview": "깐깐하고 고지식한 은행 지점장 오언 브라우닝(애덤 더바인). 평생을 함께하고픈 연인 파커(니나 도브레브)와 결혼을 앞두고 있다. 그런데 결혼식이 열리는 바로 그 주에 오언의 은행이 악명 높은 ‘유령 강도단’에 털리는 사건이 발생하고. 오언은 이 유명한 강도 일당이 동네에 막 도착한 예비 장인과 장모(피어스 브로스넌, 엘렌 바킨) 같단 생각이 드는데.", "release_date": "2023-07-07", "popularity": 24.329, "youtube_url": null}}, {"model": "community.movie", "pk": 63, "fields": {"tmdb_id": 38002, "title": "범죄의 재구성", "original_title": "범죄의 재구성", "poster_path": "/EO7XXbPhCFQ8ndCraIQj80hajY.jpg", "overview": "사기 전과로 출소한지 한 달, 최창혁(박신양)은 흥미로운 사기 사건을 계획한다. 그것은 바로 '꾼'들이라면 한번쯤 꿈꾸는 사상 최대 규모의 한국은행 사기극. 다섯 명의 최고 '꾼'이 한 팀을 이뤘다. 완벽한 시놉시스 개발자 최창혁(박신양)을 비롯, 사기꾼들의 대부 '김선생'(백윤식), 최고의 떠벌이 '얼매'(이문식), 타고난 여자킬러 '제비', 환상적인 위조기술자 '휘발류'. 그러나 그들은 서로를 믿지 못한다. 목표는 하나! 하지만 그들은 모두 서로 다른 속셈을 가지고 있다. 이들은 과연, 성공 할 수 있을까?  난공불락 '한국은행'이 당했다. 그러나 결과는 사라지고 없다! 한국 은행 50억 인출 성공! 그러나 결과는 없다. 모두 뿔뿔히 흩어지고, 돈은 사라졌다. 분명 헛점이 없었던 완벽한 계획. 무엇이 문제였던 것인가? 수사망이 좁혀지면서 부상당한 '얼매'가 체포되고, 도망을 다니던 '휘발류'는 도박장에서 잡힌다. '제비' 또한 빈털터리인 채 싸늘한 시체로 발견 된다. 그렇다면 이 모든 것이 아직 행방이 묘연한 '김선생'의 또 다른 사기극? 아니면 이 사기극을 계획했던 '최창혁'의 또 다른 시놉시스?  사건을 추적하던 '차반장'(천호진)과 경찰은, 한국은행 사기극의 덜미를 잡게 된 결정적 계기가 한 여자의 제보 전화라는 것을 알아낸다. 용의자로 떠오른 이는 팜므파탈 사기꾼 서인경(염정아). 김선생의 동거녀인 그녀는, 한국 은행 극에 끼지 못했지만 항상 그들의 곁을 맴돌고 있었던 것. 그럼, 그녀가 결정적인 제보자?", "release_date": "2004-04-15", "popularity": 2.453, "youtube_url": null}}, {"model": "community.movie", "pk": 64, "fields": {"tmdb_id": 338952, "title": "신비한 동물들과 그린델왈드의 범죄", "original_title": "Fantastic Beasts: The Crimes of Grindelwald", "poster_path": "/6Ik5hJ6gOYvc5F1DdKQaAwamsKd.jpg", "overview": "마법 세계와 비마법 세계의 공존을 깨려고 했던 강력한 어둠의 마법사 겔러트 그린델왈드는 뉴트 스캐맨더와 미국 마법부 의회에 의해 붙잡혔지만, 유럽으로 이송하는 과정에서 탈출하고 만다. 그린델왈드의 탈출 목적은 프랑스 파리에 머무는 것으로 추정되는 크레덴스를 포섭해 자신의 수하로 삼는 것. 영국으로 돌아왔던 뉴트는 덤블도어 교수로부터 자신은 나설 수 없으니 그린델왈드에 맞서달라는 지령을 받고 역시 파리로 향한다. 뉴트의 친구들, 제이콥과 퀴니, 그리고 오러로 복귀한 티나도 순혈 마법사의 세력을 모아 마법을 사용하지 않는 사람들을 지배하려는 그린델왈드의 야욕을 막기 위해 파리로 향하는데...", "release_date": "2018-11-14", "popularity": 46.726, "youtube_url": "https://www.youtube.com/watch?v=vjaj4tGFlzM"}}, {"model": "community.movie", "pk": 65, "fields": {"tmdb_id": 254473, "title": "브릭 맨션: 통제불능 범죄구역", "original_title": "Brick Mansions", "poster_path": "/63pcAWCrtG6ThPISKVmvjySrcKR.jpg", "overview": "48시간 안에 폭탄을 해체하지 못하면 디트로이트 시 전체가 사라질지도 모르는 일촉즉발의 상황. 정부는 특수요원 데미안에게 ‘브릭 맨션’ 잠입을 지시한다.  그 누구도 성공하지 못했던 잠입 작전을 위해 데미안의 파트너로 선택된 인물은 ‘브릭 맨션’ 출신의 범죄자 리노. ‘브릭 맨션’을 장악하고 있는 트레민 일당에게 반기를 들었다가 누명을 쓴 그는 인질로 잡혀있는 애인 롤라를 구하기 위해 데미안과 손을 잡는다. 범죄자라면 치를 떠는 데미안과 정부를 믿지 못하는 리노는 사사건건 대립하지만, 트레민을 잡겠다는 목적 하나로 의기투합하여 결국 ‘브릭 맨션’ 잠입에 성공한다. 이제 폭발까지 남은 시간은 단 48분! 하지만 이것이 끝이 아니다!  ‘브릭 맨션’의 폭탄 해체 임무 뒤에는 데미안과 리노가 상상치도 못한 거대 음모가 도사리고 있는데…", "release_date": "2014-04-22", "popularity": 12.176, "youtube_url": "https://www.youtube.com/watch?v=lbOPdEVo_R4"}}, {"model": "community.movie", "pk": 66, "fields": {"tmdb_id": 89501, "title": "범죄와의 전쟁: 나쁜놈들 전성시대", "original_title": "범죄와의 전쟁", "poster_path": "/4tJYmvn7VgDsrAYHgB3qebVWTut.jpg", "overview": "1982년 부산, 해고될 위기에 처한 비리 세관원 최익현은 순찰 중 적발한 히로뽕을 일본으로 밀수출하기 위해 부산 최대 조직의 젊은 보스 최형배와 손을 잡는다. 익현은 탁월한 임기응변과 특유의 친화력으로 형배의 신뢰를 얻는 데 성공한다. 주먹 넘버원 형배와 로비의 신 익현은 함께 힘을 합쳐 부산을 접수하기 시작하고, 나쁜 놈들의 전성시대가 펼쳐진다. 하지만 1990년 범죄와의 전쟁이 선포되자 조직의 의리는 금이 가고 배신이 시작된다. 살아남기 위해 벌이는 치열한 한판 승부, 최후에 웃는 자는 과연 누가 될 것인가?", "release_date": "2012-02-02", "popularity": 13.261, "youtube_url": "https://www.youtube.com/watch?v=9bu_FJGpAWU"}}, {"model": "community.movie", "pk": 67, "fields": {"tmdb_id": 11562, "title": "범죄와 비행", "original_title": "Crimes and Misdemeanors", "poster_path": "/6vC6MLYUICH57MmEVi1UaNaj2Qs.jpg", "overview": "저명한 안과의사 주다 로젠탈은 여러 해동안 돌로레스와 불륜의 관계를 맺어 왔다. 이제 돌로레스는 주다에게 자신과 결혼해주지 않으면 그동안 불륜 관계를 맺어왔다는 사실을 폭로하겠다고 그를 협박하고 있으며 고민에 빠진 주다에게 동생인 잭은 돌로레스를 살해하는 수밖에 없다고 말한다. 주다는 고민에 빠지는데...한편 다큐멘터리 감독 클리프 스턴은 철학과 관련된 다큐멘터리를 찍으려 하지만 계획이 좌절되는 바람에 처남인 방송국 프로듀서 레스터의 다큐멘터리를 찍게 된다. 레스터를 좋아하지 않는 클리프는 자괴감을 느끼고, 설상가상으로 아내인 웬디와의 사이는 갈수록 냉랭해진다. 클리프는 이런 상황에서 만난 방송국 프로그래머 할리에게 사랑을 느끼지만...", "release_date": "1989-10-13", "popularity": 12.537, "youtube_url": null}}, {"model": "community.movie", "pk": 68, "fields": {"tmdb_id": 122044, "title": "어펜더: 범죄와의 전쟁", "original_title": "Offender", "poster_path": "/gYzE8XlHGMH1nmlwlPksBzj8kZH.jpg", "overview": "경찰관을 폭행한 죄로 소년원에 수감된 토미는 오히려 이곳에서 더 폭력적으로 변해가는 수감자들과 사사건건 부딪치게 된다. 그러던 중 보호관찰관으로 일하는 토미의 여자친구 엘리스(킴벌리 닉슨)가 제이크(잉글리스 프랭크) 일당의 범죄 사실을 알고 있다는 이유로 폭행을 당하는 사건이 벌어지자 토미의 분노는 극에 달하게 된다. 제이크 일당에게 복수를 결심한 토미는 제이크를 직접 처단하고 화끈한 복수를 해주리라 마음 먹는다.", "release_date": "2012-08-08", "popularity": 7.508, "youtube_url": null}}, {"model": "community.movie", "pk": 69, "fields": {"tmdb_id": 26451, "title": "완전 범죄", "original_title": "Indagine su un cittadino al di sopra di ogni sospetto", "poster_path": "/vPTZwlq1IC4o1DCsEZEl2uGljzm.jpg", "overview": "과대망상증에 사로잡힌 킬러는 성공한 로마 경찰 간부이다. 그는 매저키스트 성향이 있는 정부 아우구스타 테르찌와 살인 유희를 즐기곤 했다. 이들의 살인 유희는 점점 정도가 심해져 결국 킬러는 관계 중 아우구스타를 죽이게 된다. 주도 면밀한 계획 하에 살인을 저지른 그는 자신에게 혐의가 돌아올수 있도록 증거를 무수히 남긴채 그 곳을 나선다. 하지만 자신의 높은 지위를 과신한 킬러는 그것만으로는 만족할 수 없었던 나머지 자신에게 불리한 정황 증거를 더 만들어 내고 겁에 질린 부하들과 증인들을 우롱하는데...", "release_date": "1970-10-16", "popularity": 7.513, "youtube_url": null}}, {"model": "community.movie", "pk": 70, "fields": {"tmdb_id": 37628, "title": "범죄에 대한 수필", "original_title": "Ensayo de un crimen", "poster_path": "/mqXjXse7cFbQyyA4dGinvZ3krjk.jpg", "overview": "어린 시절 아르치발도는 어머니에게 음악 상자를 선물받는다. 음악상자에서 왈츠가 흘러나오는 동안 그의 가정교사는 갑자기 날아온 총탄에 맞아 숨진다. 그는 피를 흘리며 쓰러진 가정교사의 허벅지에 묘한 매혹을 느낀다. 어른이 된 아르치발도는 자신의 소명이 살인자가 되는 것이라고 믿고 여자를 강박적으로 살해하려 한다. 하지만 그의 살인 기도는 매번 좌절된다.", "release_date": "1955-05-19", "popularity": 9.606, "youtube_url": null}}, {"model": "community.movie", "pk": 71, "fields": {"tmdb_id": 862965, "title": "에밀리: 범죄의 유혹", "original_title": "Emily the Criminal", "poster_path": "/hFuynYYxZIiWR4cRlwzmteH2diL.jpg", "overview": "미대를 졸업했지만 경미한 폭행 전과 때문에 변변한 직장을 구하지 못한 에밀리, 그녀는 학자금 대출의 압박과 함께 돈을 벌기 위해 신용카드 도용 사기를 하고 있는 조직에 가담하게 되고, 이를 통해 쉽게 돈을 벌 수 있게 되자 점점 더 깊은 범죄의 유혹 속으로 빠져들게 되는데...", "release_date": "2022-08-12", "popularity": 33.755, "youtube_url": null}}, {"model": "community.movie", "pk": 72, "fields": {"tmdb_id": 10126, "title": "범죄와의 전쟁", "original_title": "Colors", "poster_path": "/5KueYME8A449pxaKTJZp3cWKKSX.jpg", "overview": "{로스엔젤레스 경찰서(Police Department)와 군보안관서(County Sheriff's Department)에는 강력반(A Gang Crime Division)이 따로 있다. 경찰의 강력계는 크래쉬(C.R.A.S.H.: Community Resources Against Street Hoodlums), 보안관서의 강력계는 OSS(O.S.S.: Operation Safe Streets)라고 부르고 두 부서의 수사 요원은 남녀 합해 280명이다. 그러나 로스엔젤레스 주변에는 600개가 넘는 갱단에 7만명이 넘는 단원이 활개를 치고 있다. 87년 한 해, 갱단과 관련된 살인사건은 387건이었다.}  로스앤젤레스 경찰국은 C.R.A.S.H의 갱 범죄부를 가지고 있고 치안국은 O.S.S의 갱 범죄부를 가지고 있다. 이 두 부서는 특별 훈련된 250명의 남며로 구성되어 있다. LA전역에는 70000명의 구성원을 갖는 600개의 갱집단이 있는데 지난해 387개의 살인범죄와 관련 되어 있다. C.R.A.S.H. 요원으로 새로 들어온 숀 펜은 호기심이 강하고 고집이센 젊은 경관이고 베테랑인 로버트 듀발이 그의 파트가 된다.", "release_date": "1988-04-15", "popularity": 12.194, "youtube_url": null}}, {"model": "community.movie", "pk": 73, "fields": {"tmdb_id": 819876, "title": "미래의 범죄들", "original_title": "Crimes of the Future", "poster_path": "/2aQgzDZGFeH5Zzq0IvNduVBhKa6.jpg", "overview": "멀지 않은 미래, 행위 예술가 사울과 그의 파트너 카프리스는 사울의 장기를 훼손하는 퍼포먼스로 모두를 매료시킨다. 장기 등록소의 ‘팀린’과 한 경찰은 이들의 움직임을 주시하고, 의문의 집단은 사울의 쇼를 이용해 인류 진화의 단계를 밝히려고 하는데…", "release_date": "2022-05-25", "popularity": 15.183, "youtube_url": null}}, {"model": "community.movie", "pk": 74, "fields": {"tmdb_id": 150587, "title": "용기없는 범죄", "original_title": "Sans mobile apparent", "poster_path": "/aWYgYyux5pisHML36KW5D1ARQZo.jpg", "overview": "의문의 연쇄 살인사건을 다룬 스릴러.", "release_date": "1971-09-15", "popularity": 3.049, "youtube_url": null}}, {"model": "community.movie", "pk": 75, "fields": {"tmdb_id": 542, "title": "아무로 신부의 범죄", "original_title": "El Crimen del Padre Amaro", "poster_path": "/wqwt2DKcQV6EeSwXuYTk7pkLFii.jpg", "overview": "갓 사제 서품을 받은 신부가 10대 소녀 신도와 육체관계를 맺게 된다. 고결한 이상을 시험받게 된 신부의 이야기를 담은 도발적인 영화.", "release_date": "2002-10-01", "popularity": 13.195, "youtube_url": null}}, {"model": "community.movie", "pk": 76, "fields": {"tmdb_id": 454433, "title": "마술 아카데미", "original_title": "", "poster_path": "/lB4gTMNaFx1kNMPJKwN1bui1fMF.jpg", "overview": "매년 여름 고즈넉한 산꼭대기에 위치한 마술 아카데미에서는 전도유망한 어린 마술사들을 위한 마술 캠프가 열린다. 어린 시절의 앤디 더커맨(아담 드바인)은 이 캠프의 전설로 남았지만, 이제 35세가 된 그는 프로 마술사로서 생계를 유지하기조차 힘든 지경으로 실패한 커리어에 대한 좌절감과 우울감에 시달린다. 그러던 중 마술 아카데미에서 앤디를 캠프의 지도자로 초대하고, 그는 미숙한 풋내기 마술사 지망생들을 담당하는 동시에 역시 지도자 자격으로 참여한 자신의 숙적 크리스티나 다크우드(질리언 제이콥스)를 상대해야 한다. 앤디는 서서히 어린 오합지졸 마술사들의 존경을 받게 되고, 각 학생의 개성적인 재능을 육성해 매년 개최되는 마술 모자 경연대회에서 더 능숙한 마술사들을 상대로 겨루도록 준비시킨다.", "release_date": "2020-08-14", "popularity": 8.996, "youtube_url": null}}, {"model": "community.movie", "pk": 77, "fields": {"tmdb_id": 567646, "title": "극한직업", "original_title": "극한직업", "poster_path": "/jbHNkNydiZstlqhhBSvG19lm4NL.jpg", "overview": "불철주야 달리고 구르지만 실적은 바닥, 급기야 해체 위기를 맞는 마약반!  더 이상 물러설 곳이 없는 팀의 맏형 고반장은 국제 범죄조직의 국내 마약 밀반입 정황을 포착하고 장형사, 마형사, 영호, 재훈까지 4명의 팀원들과 함께 잠복 수사에 나선다.  마약반은 24시간 감시를 위해 범죄조직의 아지트 앞 치킨집을 인수해 위장 창업을 하게 되고, 뜻밖의 절대미각을 지닌 마형사의 숨은 재능으로 치킨집은 일약 맛집으로 입소문이 나기 시작한다.  수사는 뒷전, 치킨장사로 눈코 뜰 새 없이 바빠진 마약반에게 어느 날 절호의 기회가 찾아오는데…", "release_date": "2019-01-23", "popularity": 19.816, "youtube_url": "https://www.youtube.com/watch?v=xM1CIQd_X4c"}}, {"model": "community.movie", "pk": 78, "fields": {"tmdb_id": 578701, "title": "내가 죽기를 바라는 자들", "original_title": "", "poster_path": "/aMikd8jW6lZGmJgJ158biCjbNqZ.jpg", "overview": "화재 현장에서 세 명의 아이를 구하지 못한 죄책감과 트라우마로 감시탑에 배정된 공수소방대원 한나는 거대 범죄의 증거를 가지고 도주 중인 소년을 만난다. 한편 소년을 쫓던 두 명의 킬러는 사람들의 눈을 돌리기 위해 불을 내고 삽시간에 번져가는데…  죽이려는 자와 지키려는 자, 거대한 불길 속에서 치닫는 생사를 건 대결. 그날 밤, 삶과 죽음이 타오르는 불길 속에 모두가 있었다!", "release_date": "2021-05-05", "popularity": 24.731, "youtube_url": null}}, {"model": "community.moviecomment", "pk": 1, "fields": {"content": "진짜 뻥안치고 많이 웃겼다.", "movie": 77, "user": 3, "created_at": "2024-11-26T02:27:42.416Z"}}, {"model": "community.moviecomment", "pk": 2, "fields": {"content": "계속 웃으면서 봤어요!\"지금까지 이런맛은 없었다이것은 갈비인가 통닭인가수원왕갈비통닭입니다.\"이 대사가 귓가에 계속 맴도네요 ㅎㅎ", "movie": 77, "user": 3, "created_at": "2024-11-26T02:27:47.528Z"}}, {"model": "community.moviecomment", "pk": 3, "fields": {"content": "자꾸 광고할떄 치킨치킨 거리길래 뭔말인가 했더만..ㅋㅋㅋ치킨먹고싶네", "movie": 77, "user": 3, "created_at": "2024-11-26T02:27:57.249Z"}}, {"model": "community.moviecomment", "pk": 4, "fields": {"content": "웃고 싶을때마다 보는데 매번 웃기는 최애 영화.", "movie": 77, "user": 3, "created_at": "2024-11-26T02:28:09.519Z"}}, {"model": "community.moviecomment", "pk": 5, "fields": {"content": "관람객을 2시간동안 웃게해주는 영화. 더이상 뭐가필요하죠?", "movie": 77, "user": 3, "created_at": "2024-11-26T02:28:32.837Z"}}, {"model": "community.moviecomment", "pk": 6, "fields": {"content": "마약반팀원들 모두가 어디 모자란 것없이 연기를 너무 잘 하셔서 너무 재미있게봤어요ㅋㅋ순간순간 모든 포인트들이 다 재미있어서 웃음이 끊이지 않았어요.", "movie": 77, "user": 3, "created_at": "2024-11-26T02:28:39.895Z"}}, {"model": "community.moviecomment", "pk": 7, "fields": {"content": "재밌게본 한국영화 였습니다!", "movie": 77, "user": 3, "created_at": "2024-11-26T02:28:49.752Z"}}, {"model": "community.moviecomment", "pk": 8, "fields": {"content": "배우 5분 모두 빠지는 분 없이 캐릭터 있고 연기도 진심 갑..시작하고 끝날때까지 웃은영화는 처음인듯", "movie": 77, "user": 3, "created_at": "2024-11-26T02:28:56.150Z"}}, {"model": "community.moviecomment", "pk": 9, "fields": {"content": "영화 재밌게 잘 봤습니다.감사합니다.", "movie": 77, "user": 3, "created_at": "2024-11-26T02:29:01.085Z"}}, {"model": "community.moviecomment", "pk": 10, "fields": {"content": "이것은 영화인가 통닭인가", "movie": 77, "user": 3, "created_at": "2024-11-26T02:29:04.407Z"}}, {"model": "community.moviecomment", "pk": 11, "fields": {"content": "처음부터 끝까지 진짜 재밌었다", "movie": 77, "user": 3, "created_at": "2024-11-26T02:29:18.170Z"}}, {"model": "community.post", "pk": 1, "fields": {"title": "서울의 봄,뛰어난 몰입감과 배우들의 연기력", "category": "review", "content": "뛰어난 연출\n\n보통 모두 다 영화의 끝을 다 알기에, 영화의 마무리를 안다는 것은 영화적 재미에 있어서 큰 디메리트가 될법도한데 전혀 문제가 되지 않을정도로 영화 플롯이나 연출 전개방식 등등 모든 것들이 깔끔하고 급속도로 진행이 된다. 어느 군이 먼저 도착하느냐 한시가 급한 상황이 주 내용이기 때문에 상당히 긴급하고 급박한 상황을 다루는데 이를 정말 잘 만들었다. 어줍잖은 신파극은 전혀 나오지 않고, 전두광이가 나라를 먹느냐 안 먹느냐 오직 이 목표하나만을 보고 영화는 계속해서 달린다.\n\n\n요약 : 1,300만명의 대히트작 한국 영화. 정말 재밌고 몰입감 좋은 황정민의 연기가 인상적인 수작 영화.", "image": "", "created_at": "2024-11-26T01:38:27.787Z", "updated_at": "2024-11-26T01:38:27.787Z", "user": 1, "movie": null, "rank": null, "like_users": [3]}}, {"model": "community.post", "pk": 2, "fields": {"title": "서울의봄 보고나서 속이 답답해짐3", "category": "talk", "content": "저게 실화라는게 참…", "image": "", "created_at": "2024-11-26T01:40:16.066Z", "updated_at": "2024-11-26T01:40:16.066Z", "user": 3, "movie": null, "rank": null, "like_users": []}}, {"model": "community.post", "pk": 3, "fields": {"title": "어벤져스 엔드게임 줄거리 및 결말", "category": "talk", "content": "-----스포----------스포----------스포----------스포----------스포----------스포----------스포----------스포----------스포----------스포----------스포----------스포----------스포----------스포----------스포----------스포----------스포----------스포----------스포----------스포----------스포----------스포----------스포----------스포----------스포----------스포----------스포----------스포----------스포----------스포----------스포----------스포----------스포----------스포----------스포----------스포----------스포----------스포-----\n\n\n\n\n\n\n\n\n\"아이 엠 아이언맨\"\n아이언맨 손가락에서 타노스의 군대는 끝을 맞이하게 되고 아이언맨도 끝을 맞이하게 된다.", "image": "", "created_at": "2024-11-26T01:43:19.437Z", "updated_at": "2024-11-26T01:44:19.366Z", "user": 3, "movie": null, "rank": null, "like_users": []}}, {"model": "community.post", "pk": 4, "fields": {"title": "7번방의 선물 - 감옥에서 펼쳐지는 따뜻하고 감동적인 이야기", "category": "review", "content": "7번방의 선물\"은 감동적인 스토리와 강력한 연기로 관객들의 마음을 울리는 영화입니다. 가족의 사랑과 사회적 정의에 대한 깊은 메시지를 담고 있으며, 한국 관객뿐만 아니라 전 세계적으로도 많은 이들에게 감동을 선사한 작품입니다. 이 영화는 눈물과 웃음을 동시에 선사하며, 모든 연령대의 관객들이 공감할 수 있는 따뜻한 이야기를 제공합니다.", "image": "", "created_at": "2024-11-26T01:50:38.828Z", "updated_at": "2024-11-26T01:50:38.828Z", "user": 2, "movie": null, "rank": null, "like_users": []}}, {"model": "community.post", "pk": 5, "fields": {"title": "범죄도시4 스쿠터 질문", "category": "talk", "content": "범죄도시4 보면 마석도가 달리려는 스쿠터를 한 손으로 잡고 못 가게 막잖아요\n이게 현실적으로도 가능한 일인가요? 아무리 작은 원기동이라지만 엄연히 모터로 가는 차인데...\n이걸 사람 근력으로 멈춰 세운다는 게 이론상으로도 가능하긴 하나요?", "image": "", "created_at": "2024-11-26T01:54:08.716Z", "updated_at": "2024-11-26T01:54:08.716Z", "user": 2, "movie": null, "rank": null, "like_users": []}}, {"model": "community.post", "pk": 6, "fields": {"title": "인생영화 추천해주세요 !", "category": "talk", "content": "주말에 영화 보려고 하는데 인생 영화 추천 해주세요 ~ !", "image": "", "created_at": "2024-11-26T02:23:10.795Z", "updated_at": "2024-11-26T02:23:10.795Z", "user": 1, "movie": null, "rank": null, "like_users": []}}, {"model": "community.comment", "pk": 1, "fields": {"content": "불가능합니다. \n\n​\n\n50cc급만 하더라도 4마력 정도가 나오는데요. 이건 4마리의 말이 끄는 힘과 같다는겁니다.\n\n아무리 사람이 단련했어도 이정도까지는 어려워요", "post": 5, "user": 1, "created_at": "2024-11-26T01:54:38.997Z", "updated_at": "2024-11-26T01:54:38.997Z"}}, {"model": "community.comment", "pk": 2, "fields": {"content": "어바웃타임!", "post": 6, "user": 2, "created_at": "2024-11-26T02:23:34.706Z", "updated_at": "2024-11-26T02:23:34.706Z"}}, {"model": "community.comment", "pk": 3, "fields": {"content": "전 리틀포레스트 좋아해요.\n보고있음 잔잔하니 맘이 편안해져요 ^^", "post": 6, "user": 3, "created_at": "2024-11-26T02:24:23.308Z", "updated_at": "2024-11-26T02:24:23.308Z"}}, {"model": "community.comment", "pk": 4, "fields": {"content": "1", "post": 3, "user": 3, "created_at": "2024-11-26T02:25:22.360Z", "updated_at": "2024-11-26T02:25:22.360Z"}}, {"model": "community.comment", "pk": 5, "fields": {"content": "2", "post": 3, "user": 3, "created_at": "2024-11-26T02:25:24.540Z", "updated_at": "2024-11-26T02:25:24.540Z"}}, {"model": "community.comment", "pk": 6, "fields": {"content": "3", "post": 3, "user": 3, "created_at": "2024-11-26T02:25:26.361Z", "updated_at": "2024-11-26T02:25:26.361Z"}}, {"model": "community.comment", "pk": 7, "fields": {"content": "4", "post": 3, "user": 3, "created_at": "2024-11-26T02:25:28.155Z", "updated_at": "2024-11-26T02:25:28.155Z"}}, {"model": "community.comment", "pk": 8, "fields": {"content": "5", "post": 3, "user": 3, "created_at": "2024-11-26T02:25:30.172Z", "updated_at": "2024-11-26T02:25:30.172Z"}}, {"model": "community.comment", "pk": 9, "fields": {"content": "6", "post": 3, "user": 3, "created_at": "2024-11-26T02:25:32.010Z", "updated_at": "2024-11-26T02:25:32.010Z"}}, {"model": "community.comment", "pk": 10, "fields": {"content": "7", "post": 3, "user": 3, "created_at": "2024-11-26T02:25:33.637Z", "updated_at": "2024-11-26T02:25:33.637Z"}}, {"model": "community.comment", "pk": 11, "fields": {"content": "8", "post": 3, "user": 3, "created_at": "2024-11-26T02:25:35.520Z", "updated_at": "2024-11-26T02:25:35.520Z"}}, {"model": "community.comment", "pk": 12, "fields": {"content": "9", "post": 3, "user": 3, "created_at": "2024-11-26T02:25:37.934Z", "updated_at": "2024-11-26T02:25:37.934Z"}}, {"model": "community.comment", "pk": 13, "fields": {"content": "10", "post": 3, "user": 3, "created_at": "2024-11-26T02:25:40.277Z", "updated_at": "2024-11-26T02:25:40.277Z"}}, {"model": "community.comment", "pk": 14, "fields": {"content": "11", "post": 3, "user": 3, "created_at": "2024-11-26T02:25:42.098Z", "updated_at": "2024-11-26T02:25:42.098Z"}}]